{"0 0": [0.9999809265136719, 0.9999809265136719], "0 1": [0.0020256871357560158, 0.06083998084068298], "0 2": [0.0022010966204106808, 0.9843346476554871], "0 3": [5.216280260356143e-05, 0.9754706025123596], "0 4": [0.011071404442191124, 0.9496309757232666], "0 5": [1.4041803297004662e-05, 0.9985264539718628], "0 6": [0.07700537890195847, 0.8118967413902283], "0 7": [0.0015954469563439488, 0.8355090022087097], "0 8": [0.09552445262670517, 0.6816273927688599], "0 9": [0.03881625831127167, 0.8571494817733765], "1 0": [0.043096382170915604, 0.16109493374824524], "1 1": [0.9997249245643616, 0.9997249245643616], "1 2": [0.014955911785364151, 0.9836871027946472], "1 3": [0.012372319586575031, 0.9833496809005737], "1 4": [0.2420901209115982, 0.6768227219581604], "1 5": [0.007749882992357016, 0.9475630521774292], "1 6": [0.005554424598813057, 0.9344309568405151], "1 7": [0.003217642195522785, 0.9370211958885193], "1 8": [0.0011745893862098455, 0.9870668053627014], "1 9": [0.00034073222195729613, 0.975102424621582], "2 0": [0.019786449149250984, 0.5957420468330383], "2 1": [0.05030771717429161, 0.9175282716751099], "2 2": [0.9998874664306641, 0.9998874664306641], "2 3": [0.00011670668027363718, 0.9924246072769165], "2 4": [0.01682094857096672, 0.9185613393783569], "2 5": [6.659385689999908e-05, 0.996619462966919], "2 6": [0.09881998598575592, 0.3760969042778015], "2 7": [0.022910302504897118, 0.9076318740844727], "2 8": [0.11306729167699814, 0.77170729637146], "2 9": [0.0003490084200166166, 0.9382069706916809], "3 0": [0.023681730031967163, 0.8008092045783997], "3 1": [0.06937669962644577, 0.7070587873458862], "3 2": [0.014331965707242489, 0.9127183556556702], "3 3": [0.9999825954437256, 0.9999825954437256], "3 4": [0.025987470522522926, 0.6102662682533264], "3 5": [0.0004767488280776888, 0.9992613196372986], "3 6": [0.00013813735859002918, 0.9551282525062561], "3 7": [0.1548081338405609, 0.8281080722808838], "3 8": [0.001472888165153563, 0.9964098334312439], "3 9": [0.07835669070482254, 0.8303482532501221], "4 0": [0.006687660701572895, 0.7052246928215027], "4 1": [0.0009986849036067724, 0.49110841751098633], "4 2": [0.0004322697932366282, 0.9737756848335266], "4 3": [6.281825335463509e-05, 0.9865297079086304], "4 4": [0.9991996884346008, 0.9991996884346008], "4 5": [3.289249798399396e-05, 0.9928082227706909], "4 6": [0.0006029822980053723, 0.9858025312423706], "4 7": [0.00019382637401577085, 0.9958809614181519], "4 8": [0.0008757790201343596, 0.9756563305854797], "4 9": [7.094919419614598e-05, 0.9996771812438965], "5 0": [0.031159300357103348, 0.895046055316925], "5 1": [0.043291620910167694, 0.22147470712661743], "5 2": [0.09498803317546844, 0.7399626970291138], "5 3": [0.0036316830664873123, 0.9934489130973816], "5 4": [0.37903329730033875, 0.07889101654291153], "5 5": [0.9999793767929077, 0.9999793767929077], "5 6": [0.36912816762924194, 0.6014524698257446], "5 7": [0.004187759477645159, 0.9512822031974792], "5 8": [0.028451401740312576, 0.8951703310012817], "5 9": [0.021666089072823524, 0.9017410278320312], "6 0": [0.39413249492645264, 0.5540897846221924], "6 1": [0.00010983464744640514, 0.9518061280250549], "6 2": [0.0016388639342039824, 0.9961010217666626], "6 3": [9.421943104825914e-06, 0.9642753005027771], "6 4": [0.15319494903087616, 0.7907877564430237], "6 5": [0.024973269551992416, 0.9747587442398071], "6 6": [0.9999585151672363, 0.9999585151672363], "6 7": [9.889187140288414e-07, 0.9915470480918884], "6 8": [0.20286524295806885, 0.7304356098175049], "6 9": [1.1803707593571744e-06, 0.8019073605537415], "7 0": [0.03059990145266056, 0.4761597812175751], "7 1": [0.0031726225279271603, 0.4233543574810028], "7 2": [0.046528495848178864, 0.901028037071228], "7 3": [0.0028766298200935125, 0.9669771790504456], "7 4": [0.22474411129951477, 0.4002862274646759], "7 5": [3.1005895380076254e-06, 0.9930185675621033], "7 6": [0.0002517467364668846, 0.59462571144104], "7 7": [0.9999901056289673, 0.9999901056289673], "7 8": [0.02308865264058113, 0.7139705419540405], "7 9": [0.00017733179265633225, 0.9997343420982361], "8 0": [0.07856203615665436, 0.8225559592247009], "8 1": [0.0012270245933905244, 0.9385149478912354], "8 2": [0.0003762722190003842, 0.9858065843582153], "8 3": [0.00033934524981305003, 0.9977499842643738], "8 4": [0.02394191175699234, 0.8236530423164368], "8 5": [0.023112239316105843, 0.9396921396255493], "8 6": [0.017588358372449875, 0.9393933415412903], "8 7": [0.0006329366588033736, 0.9194813966751099], "8 8": [0.9990227222442627, 0.9990227222442627], "8 9": [0.0015616376185789704, 0.8684396147727966], "9 0": [0.0657806396484375, 0.3811958432197571], "9 1": [0.004259267821907997, 0.5412836670875549], "9 2": [5.1197202992625535e-05, 0.9914592504501343], "9 3": [0.00016435669385828078, 0.9957232475280762], "9 4": [0.0015527105424553156, 0.9964436888694763], "9 5": [6.979738100199029e-05, 0.9986093044281006], "9 6": [0.00029875774635002017, 0.9009086489677429], "9 7": [0.0011304477229714394, 0.994414210319519], "9 8": [0.007673241198062897, 0.9384916424751282], "9 9": [0.9999924898147583, 0.9999924898147583]}